{"cameraMode":{"drawMode":0,"name":"Shaded","section":"Shading Mode"},"sceneLighting":true,"audioPlay":false,"sceneViewState":{"m_AlwaysRefresh":false,"showFog":true,"showSkybox":true,"showFlares":true,"showImageEffects":true,"showParticleSystems":true,"showVisualEffectGraphs":true,"m_FxEnabled":true},"in2DMode":false,"pivot":{"x":1.3564825057983399,"y":-32.99007034301758,"z":77.24515533447266},"rotation":{"x":0.18995077908039094,"y":0.0011579121928662062,"z":-0.00022379691654350609,"w":0.9818056225776672},"size":65.61280822753906,"orthographic":false}